post_id,post_caption,total_likes,num_shares,comment_count,avg_sentiment_score,sentiment_variance,negative_comment_ratio,main_topic,weighted_engagement_rate,most_negative_comment,most_positive_comment,original_negative_context,original_positive_context
1170860151264899,"‡≤Æ‡≥Å‡≤Ç‡≤ú‡≤æ‡≤®‡≥Ü‡≤Ø ‡≤∂‡≥Å‡≤≠‡≥ã‡≤¶‡≤Ø‡≤ó‡≤≥‡≥Å
#NammaPrabha #MPOfDavangere
#ForThePeople #PrabhaForThePeople
#VoiceOfDavangere #DevelopmentForAll
#Davangere #IndianNationalCongress
#INC #Karnataka #tuesdaythoughts",119,3,1,,0.0,0.0,N/A,0.0014318181818181819,N/A,N/A,N/A,N/A
1170913531259561,"‡≤¶‡≤æ‡≤µ‡≤£‡≤ó‡≥Ü‡≤∞‡≥Ü ‡≤ú‡≤ø‡≤≤‡≥ç‡≤≤‡≥Ü‡≤Ø ‡≤™‡≥ç‡≤∞‡≤µ‡≤æ‡≤∏‡≤ø‡≤§‡≤æ‡≤£‡≤ó‡≤≥ ‡≤∏‡≤Æ‡≤ó‡≥ç‡≤∞ ‡≤Æ‡≤æ‡≤π‡≤ø‡≤§‡≤ø‡≤Ø‡≥ä‡≤Ç‡≤¶‡≤ø‡≤ó‡≥Ü ‡≤∏‡≤ø‡≤¶‡≥ç‡≤¶‡≤™‡≤°‡≤ø‡≤∏‡≤≤‡≤æ‡≤¶ ‡≤®‡≥Ç‡≤§‡≤® 2025 ‡≤∞ ‡≤ï‡≥ç‡≤Ø‡≤æ‡≤≤‡≥Ü‡≤Ç‡≤°‡≤∞‡≥ç...
#NammaPrabha #MPOfDavangere #calender #2025",625,86,23,0.5555555555555556,0.261437908496732,0.0,Praise,0.009318181818181817,Madam I want one calender where I have collected.,Super,Madam I want one calender where I have collected.,Super
1171173664566881,"Life is a symphony of moments. Play your part with passion, purpose, and precision.
#NammaPrabha #MPOfDavangere
#ForThePeople #PrabhaForThePeople
#VoiceOfDavangere #DevelopmentForAll
#Davangere #IndianNationalCongress
#INC #Karnataka",795,12,24,0.85,0.13421052631578947,0.0,Praise,0.009579545454545455,Sirigauri,Good wishes for the happy new year 2025,‡≤∏‡≤ø‡≤∞‡≤ø‡≤ó‡≥å‡≤∞‡≤øüòòüòò,Good wishes for the happy new year 2025
1171178564566391,"‡≤≠‡≤µ‡≤ø‡≤∑‡≥ç‡≤Ø‡≤¶ ‡≤¨‡≤∞‡≤π‡≤¶‡≤≤‡≥ç‡≤≤‡≤ø‡≤∞‡≥Å‡≤µ ‡≤µ‡≤ø‡≤¶‡≥ç‡≤Ø‡≤æ‡≤∞‡≥ç‡≤•‡≤ø‡≤ó‡≤≥‡≥ä‡≤Ç‡≤¶‡≤ø‡≤ó‡≥Ü ‡≤í‡≤Ç‡≤¶‡≥Å ‡≤∏‡≤Ç‡≤µ‡≤æ‡≤¶.....‡≤∏‡≤∞‡≥ç‡≤ï‡≤æ‡≤∞‡≤ø ‡≤ï‡≤æ‡≤≤‡≥á‡≤ú‡≤ø‡≤® ‡≤µ‡≤ø‡≤ú‡≥ç‡≤û‡≤æ‡≤® ‡≤µ‡≤ø‡≤≠‡≤æ‡≤ó‡≤¶ ‡≤µ‡≤ø‡≤¶‡≥ç‡≤Ø‡≤æ‡≤∞‡≥ç‡≤•‡≤ø‡≤ó‡≤≥‡≤ø‡≤ó‡≤æ‡≤ó‡≤ø ‡≤∏‡≤ï‡≥ç‡≤∑‡≤Æ ‡≤Ø‡≥ã‡≤ú‡≤®‡≥Ü‡≤Ø‡≤°‡≤ø ‡≤®‡≥Ä‡≤ü‡≥ç ‡≤π‡≤æ‡≤ó‡≥Ç ‡≤∏‡≤ø‡≤á‡≤ü‡≤ø ‡≤§‡≤∞‡≤¨‡≥á‡≤§‡≤ø‡≤ó‡≥Ü ‡≤ö‡≤æ‡≤≤‡≤®‡≥Ü ‡≤®‡≥Ä‡≤°‡≥Å‡≤µ ‡≤ï‡≤æ‡≤∞‡≥ç‡≤Ø‡≤ï‡≥ç‡≤∞‡≤Æ‡≤¶‡≤≤‡≥ç‡≤≤‡≤ø ‡≤µ‡≤ø‡≤¶‡≥ç‡≤Ø‡≤æ‡≤∞‡≥ç‡≤•‡≤ø‡≤ó‡≤≥‡≥Å ‡≤∏‡≤ï‡≥ç‡≤∑‡≤Æ ‡≤ï‡≤æ‡≤∞‡≥ç‡≤Ø‡≤ï‡≥ç‡≤∞‡≤Æ ‡≤ï‡≥Å‡≤∞‡≤ø‡≤§‡≥Å ‡≤Ö‡≤®‡≤ø‡≤∏‡≤ø‡≤ï‡≥Ü ‡≤π‡≤Ç‡≤ö‡≤ø‡≤ï‡≥ä‡≤Ç‡≤° ‡≤∏‡≤Ç‡≤¶‡≤∞‡≥ç‡≤≠ ‡≤π‡≤æ‡≤ó‡≥Ç ‡≤Ø‡≥ã‡≤ú‡≤®‡≥Ü‡≤Ø ‡≤¨‡≤ó‡≥ç‡≤ó‡≥Ü ‡≤µ‡≤ø‡≤¶‡≥ç‡≤Ø‡≤æ‡≤∞‡≥ç‡≤•‡≤ø‡≤ó‡≤≥‡≤ø‡≤ó‡≥Ü ‡≤Æ‡≤æ‡≤∞‡≥ç‡≤ó‡≤¶‡≤∞‡≥ç‡≤∂‡≤® ‡≤®‡≥Ä‡≤°‡≤ø‡≤¶ ‡≤ï‡≥ç‡≤∑‡≤£..
#NammaPrabha #MPOfDavangere
#ForThePeople #PrabhaForThePeople
#VoiceOfDavangere #DevelopmentForAll
#Davangere #IndianNationalCongress
#INC #Karnataka #testimonial #talks",206,4,3,0.6666666666666666,0.33333333333333337,0.0,Praise,0.002465909090909091,Congralation,ü•≥,Congralation,üíêüíêüíêüëèüëèüëèüëèü•≥
1171258714558376,"‡≤π‡≥ä‡≤∏ ‡≤µ‡≤∞‡≥ç‡≤∑‡≤µ‡≥Å ‡≤é‡≤≤‡≥ç‡≤≤‡≤∞ ‡≤¨‡≤æ‡≤≥‡≤ø‡≤®‡≤≤‡≥ç‡≤≤‡≤ø ‡≤π‡≥ä‡≤∏ ‡≤ï‡≤®‡≤∏‡≥Å‡≤ó‡≤≥‡≤ø‡≤ó‡≥Ü ‡≤¨‡≥Ü‡≤≥‡≤ï‡≤æ‡≤ó‡≤ø, ‡≤π‡≥ä‡≤∏ ‡≤™‡≥ç‡≤∞‡≤Ø‡≤§‡≥ç‡≤®‡≤ó‡≤≥‡≤ø‡≤ó‡≥Ü ‡≤∂‡≤ï‡≥ç‡≤§‡≤ø‡≤Ø‡≤æ‡≤ó‡≤≤‡≤ø. 2025 ‡≤∞ ‡≤à ‡≤µ‡≤∞‡≥ç‡≤∑ ‡≤®‡≤ø‡≤Æ‡≥ç‡≤Æ‡≥Ü‡≤≤‡≥ç‡≤≤‡≤∞ ‡≤™‡≥ç‡≤∞‡≤§‡≤ø ‡≤π‡≥Ü‡≤ú‡≥ç‡≤ú‡≥Ü‡≤Ø‡≥Ç ‡≤Ø‡≤∂‡≤∏‡≥ç‡≤∏‡≥Å ‡≤§‡≤∞‡≥Å‡≤µ‡≤Ç‡≤§‡≤æ‡≤ó‡≤≤‡≤ø. ‡≤ú‡≥Ä‡≤µ‡≤®‡≤¶‡≤≤‡≥ç‡≤≤‡≤ø ‡≤∂‡≤æ‡≤Ç‡≤§‡≤ø,‡≤∏‡≤Æ‡≥É‡≤¶‡≥ç‡≤¶‡≤ø, ‡≤Ü‡≤∞‡≥ã‡≤ó‡≥ç‡≤Ø ‡≤π‡≥Ü‡≤ö‡≥ç‡≤ö‡≤æ‡≤ó‡≤≤‡≤ø.... 
‡≤é‡≤≤‡≥ç‡≤≤‡≤∞‡≤ø‡≤ó‡≥Ç ‡≤π‡≥ä‡≤∏ ‡≤µ‡≤∞‡≥ç‡≤∑‡≤¶ ‡≤π‡≤æ‡≤∞‡≥ç‡≤¶‡≤ø‡≤ï ‡≤∂‡≥Å‡≤≠‡≤æ‡≤∂‡≤Ø‡≤ó‡≤≥‡≥Å.....
#NammaPrabha #MPOfDavangere #newyear #2025",480,18,17,1.0,0.0,0.0,Praise,0.0060568181818181814,Same to u medom u and your family s,Same to u medom u and your family s,Same to u medom u and your family s,Same to u medom u and your family s
